                  epoch,         train/box_loss,         train/cls_loss,         train/dfl_loss,   metrics/precision(B),      metrics/recall(B),       metrics/mAP50(B),    metrics/mAP50-95(B),           val/box_loss,           val/cls_loss,           val/dfl_loss,                 lr/pg0,                 lr/pg1,                 lr/pg2
                      1,                 1.2692,                0.99867,                 1.0832,                0.72476,                 0.5286,                0.61525,                 0.3563,                 1.1908,                0.81215,                 1.0663,             0.00047601,             0.00047601,             0.00047601
                      2,                 1.1962,                0.82553,                 1.0549,                0.68847,                0.58394,                 0.6355,                0.37489,                 1.1069,                0.73561,                 1.0299,             0.00076378,             0.00076378,             0.00076378
                      3,                 1.1311,                0.75934,                 1.0272,                0.66514,                 0.5928,                0.65991,                0.38894,                 1.0731,                0.70392,                 1.0165,             0.00086292,             0.00086292,             0.00086292
                      4,                 1.0687,                0.69513,                 1.0034,                0.80826,                0.64565,                0.73759,                0.46097,                 1.0019,                0.63982,                0.98957,             0.00058017,             0.00058017,             0.00058017
                      5,                 1.0404,                0.66674,                0.98831,                0.79298,                0.65889,                0.74585,                0.46722,                0.98014,                0.61948,                0.97971,             0.00058017,             0.00058017,             0.00058017
